{
    "Edge of Infinity": [
        0.36149863838633195, 
        0.5196369437419005, 
        7.918696035230212e-13, 
        9394
    ], 
    "Flower": [
        -0.5438659190285033, 
        0.5001479629976153, 
        2.196975250675098e-06, 
        1863
    ], 
    "Jlia Set": [
        -0.7436439049881143, 
        0.13182591454820636, 
        4.0740254719089805e-11, 
        9230
    ], 
    "Main": [
        -0.5, 
        0.0, 
        4.0, 
        100
    ], 
    "Penta Spiral": [
        -0.5047599789812914, 
        -0.5190760212238473, 
        0.016906959567613646, 
        100
    ], 
    "Sept-Spiral": [
        -0.6979274727388888, 
        -0.2692574493135562, 
        0.0010969537859037756, 
        160
    ], 
    "Spirals": [
        -1.7476656377212199, 
        -0.000959780242618983, 
        1.0393233034614656e-13, 
        1273
    ], 
    "Sqaral": [
        -1.2496429476691437, 
        0.026300750239367152, 
        1.680796359267903e-11, 
        6418
    ]
}